{"cameraMode":{"drawMode":0,"name":"Shaded","section":"Shading Mode"},"sceneLighting":true,"audioPlay":false,"sceneViewState":{"m_AlwaysRefresh":false,"showFog":true,"showSkybox":true,"showFlares":true,"showImageEffects":true,"showParticleSystems":true,"showVisualEffectGraphs":true,"m_FxEnabled":true},"in2DMode":false,"pivot":{"x":525.4627685546875,"y":132.70034790039063,"z":629.2024536132813},"rotation":{"x":-0.10212258994579315,"y":-0.012833950109779835,"z":0.0013174815103411675,"w":-0.9946920275688171},"size":723.4458618164063,"orthographic":false}