{"cameraMode":{"drawMode":0,"name":"Shaded","section":"Shading Mode"},"sceneLighting":true,"audioPlay":false,"sceneViewState":{"m_AlwaysRefresh":false,"showFog":true,"showSkybox":true,"showFlares":true,"showImageEffects":true,"showParticleSystems":true,"showVisualEffectGraphs":true,"m_FxEnabled":true},"in2DMode":false,"pivot":{"x":437.23516845703127,"y":136.83663940429688,"z":635.017333984375},"rotation":{"x":-0.058773480355739596,"y":0.008084231987595559,"z":-0.00047612428897991776,"w":-0.9982423186302185},"size":630.1096801757813,"orthographic":false}