{"cameraMode":{"drawMode":0,"name":"Shaded","section":"Shading Mode"},"sceneLighting":false,"audioPlay":false,"sceneViewState":{"m_AlwaysRefresh":false,"showFog":true,"showSkybox":false,"showFlares":true,"showImageEffects":true,"showParticleSystems":true,"showVisualEffectGraphs":true,"m_FxEnabled":true},"in2DMode":false,"pivot":{"x":852.946044921875,"y":1083.8714599609375,"z":1120.88525390625},"rotation":{"x":-0.01380921434611082,"y":-0.0024029032792896034,"z":0.00003325124635011889,"w":-0.999902606010437},"size":1138.0909423828125,"orthographic":false}